repo_url,repo_name,chart_path,error
https://github.com/ConductionNL/procces-engine,ConductionNL/procces-engine,cloned\ConductionNL__procces-engine\api\helm,"manager.go:122: warning: a valid Helm v3 hash was not found. Checking against Helm v2 hash...
Error: the lock file (requirements.lock) is out of sync with the dependencies file (requirements.yaml). Please update the dependencies"
https://github.com/pluralsh/plural-helm-charts,pluralsh/plural-helm-charts,cloned\pluralsh__plural-helm-charts\charts\airbyte,"Error: no repository definition for https://charts.bitnami.com/bitnami, https://pluralsh.github.io/plural-helm-charts, https://pluralsh.github.io/plural-helm-charts, https://pluralsh.github.io/plural-helm-charts, https://pluralsh.github.io/plural-helm-charts, https://pluralsh.github.io/plural-helm-charts, https://pluralsh.github.io/plural-helm-charts, https://pluralsh.github.io/plural-helm-charts, https://pluralsh.github.io/plural-helm-charts. Please add the missing repos via 'helm repo add'"
https://github.com/michaelw/common.itsumi,michaelw/common.itsumi,cloned\michaelw__common.itsumi,"Hang tight while we grab the latest from your chart repositories...
...Successfully got an update from the ""traefik"" chart repository
Update Complete. ⎈Happy Helming!⎈
Saving 1 charts
Downloading common from repo oci://registry-1.docker.io/bitnamicharts
Save error occurred:  could not download oci://registry-1.docker.io/bitnamicharts/common: failed to resolve registry-1.docker.io/bitnamicharts/common:2.31.3: GET ""https://registry-1.docker.io/v2/bitnamicharts/common/manifests/2.31.3"": response status code 429: toomanyrequests: You have reached your unauthenticated pull rate limit. https://www.docker.com/increase-rate-limit
Error: could not download oci://registry-1.docker.io/bitnamicharts/common: failed to resolve registry-1.docker.io/bitnamicharts/common:2.31.3: GET ""https://registry-1.docker.io/v2/bitnamicharts/common/manifests/2.31.3"": response status code 429: toomanyrequests: You have reached your unauthenticated pull rate limit. https://www.docker.com/increase-rate-limit"
https://github.com/solo-io/skv2,solo-io/skv2,cloned\solo-io__skv2\codegen\test\chart\conditional-crds,Error: validation: chart.metadata.name is required
https://github.com/flytrap/docker-admin,flytrap/docker-admin,cloned\flytrap__docker-admin\charts\apisix-1.3,"Error: no repository definition for https://charts.bitnami.com/bitnami, https://charts.apiseven.com, https://charts.apiseven.com. Please add the missing repos via 'helm repo add'"
https://github.com/akv-akv/de_research,akv-akv/de_research,cloned\akv-akv__de_research\kubernetes\charts\airbyte,"Error: no repository definition for https://charts.bitnami.com/bitnami, https://airbytehq.github.io/helm-charts/, https://airbytehq.github.io/helm-charts/, https://airbytehq.github.io/helm-charts/, https://airbytehq.github.io/helm-charts/, https://airbytehq.github.io/helm-charts/, https://airbytehq.github.io/helm-charts/, https://airbytehq.github.io/helm-charts/, https://airbytehq.github.io/helm-charts/, https://airbytehq.github.io/helm-charts/, https://airbytehq.github.io/helm-charts/, https://airbytehq.github.io/helm-charts/, https://airbytehq.github.io/helm-charts/, https://airbytehq.github.io/helm-charts/. Please add the missing repos via 'helm repo add'"
https://github.com/ConductionNL/Authorization-component,ConductionNL/Authorization-component,cloned\ConductionNL__Authorization-component\api\helm,"load.go:138: Warning: Dependency locking is handled in Chart.lock since apiVersion ""v2"". We recommend migrating to Chart.lock.
Error: the lock file (Chart.lock) is out of sync with the dependencies file (Chart.yaml). Please update the dependencies"
https://github.com/MirahImage/postfacto,MirahImage/postfacto,cloned\MirahImage__postfacto\tkg\postfacto,"Error: no repository definition for @bitnami, @bitnami. Please add them via 'helm repo add'"
https://github.com/noygal/helm,noygal/helm,cloned\noygal__helm\charts\example-dev-tools,"Getting updates for unmanaged Helm repositories...
...Unable to get an update from the ""https://noygal.github.com/helm"" chart repository:
	Get ""https://noygal.github.com/helm/index.yaml"": dial tcp: lookup noygal.github.com: no such host
Hang tight while we grab the latest from your chart repositories...
...Successfully got an update from the ""traefik"" chart repository
Update Complete. ⎈Happy Helming!⎈
Error: no cached repository for helm-manager-19cefd96797d2c0b3ed74271dcee4ae7ad7d02cb4d4e47a98431938d24b11530 found. (try 'helm repo update'): open C:\Users\miabs\AppData\Local\Temp\helm\repository\helm-manager-19cefd96797d2c0b3ed74271dcee4ae7ad7d02cb4d4e47a98431938d24b11530-index.yaml: O sistema não conseguiu localizar o ficheiro especificado."
https://github.com/manics/zero-to-jupyterhub-k8s-chart-expanded,manics/zero-to-jupyterhub-k8s-chart-expanded,cloned\manics__zero-to-jupyterhub-k8s-chart-expanded\0.8.1,"manager.go:122: warning: a valid Helm v3 hash was not found. Checking against Helm v2 hash...
Error: the lock file (requirements.lock) is out of sync with the dependencies file (requirements.yaml). Please update the dependencies"
https://github.com/unicef/magasin,unicef/magasin,cloned\unicef__magasin\helm\dagster,"Error: no repository definition for https://raw.githubusercontent.com/bitnami/charts/eb5f9a9513d987b519f0ecd732e7031241c50328/bitnami, https://raw.githubusercontent.com/bitnami/charts/eb5f9a9513d987b519f0ecd732e7031241c50328/bitnami, https://raw.githubusercontent.com/bitnami/charts/eb5f9a9513d987b519f0ecd732e7031241c50328/bitnami. Please add the missing repos via 'helm repo add'"
https://github.com/ConductionNL/berichtservice,ConductionNL/berichtservice,cloned\ConductionNL__berichtservice\api\helm,"load.go:138: Warning: Dependency locking is handled in Chart.lock since apiVersion ""v2"". We recommend migrating to Chart.lock.
Error: no repository definition for https://charts.bitnami.com/bitnami, https://charts.bitnami.com/bitnami. Please add the missing repos via 'helm repo add'"
https://github.com/ConductionNL/commonground-ui,ConductionNL/commonground-ui,cloned\ConductionNL__commonground-ui\api\helm,"manager.go:122: warning: a valid Helm v3 hash was not found. Checking against Helm v2 hash...
Error: the lock file (requirements.lock) is out of sync with the dependencies file (requirements.yaml). Please update the dependencies"
https://github.com/Veronneau-Techno-Conseil/comax-commons,Veronneau-Techno-Conseil/comax-commons,cloned\Veronneau-Techno-Conseil__comax-commons\helm_referee,Error: no repository definition for https://mongodb.github.io/helm-charts. Please add the missing repos via 'helm repo add'
https://github.com/waTeim/mcp-base,waTeim/mcp-base,cloned\waTeim__mcp-base\chart,"Hang tight while we grab the latest from your chart repositories...
...Successfully got an update from the ""traefik"" chart repository
Update Complete. ⎈Happy Helming!⎈
Saving 1 charts
Downloading redis from repo oci://registry-1.docker.io/cloudpirates
Save error occurred:  could not download oci://registry-1.docker.io/cloudpirates/redis: failed to resolve registry-1.docker.io/cloudpirates/redis:0.16.4: GET ""https://registry-1.docker.io/v2/cloudpirates/redis/manifests/0.16.4"": response status code 429: toomanyrequests: You have reached your unauthenticated pull rate limit. https://www.docker.com/increase-rate-limit
Error: could not download oci://registry-1.docker.io/cloudpirates/redis: failed to resolve registry-1.docker.io/cloudpirates/redis:0.16.4: GET ""https://registry-1.docker.io/v2/cloudpirates/redis/manifests/0.16.4"": response status code 429: toomanyrequests: You have reached your unauthenticated pull rate limit. https://www.docker.com/increase-rate-limit"
https://github.com/datawizz/Firestream,datawizz/Firestream,cloned\datawizz__Firestream\src\charts\bitnami\airflow,"Hang tight while we grab the latest from your chart repositories...
...Successfully got an update from the ""traefik"" chart repository
Update Complete. ⎈Happy Helming!⎈
Saving 3 charts
Downloading redis from repo oci://registry-1.docker.io/bitnamicharts
Save error occurred:  could not download oci://registry-1.docker.io/bitnamicharts/redis: failed to resolve registry-1.docker.io/bitnamicharts/redis:21.2.5: GET ""https://registry-1.docker.io/v2/bitnamicharts/redis/manifests/21.2.5"": response status code 429: toomanyrequests: You have reached your unauthenticated pull rate limit. https://www.docker.com/increase-rate-limit
Error: could not download oci://registry-1.docker.io/bitnamicharts/redis: failed to resolve registry-1.docker.io/bitnamicharts/redis:21.2.5: GET ""https://registry-1.docker.io/v2/bitnamicharts/redis/manifests/21.2.5"": response status code 429: toomanyrequests: You have reached your unauthenticated pull rate limit. https://www.docker.com/increase-rate-limit"
https://github.com/limagbz/data-mesh-yelp,limagbz/data-mesh-yelp,cloned\limagbz__data-mesh-yelp\infra\monitoring\loki\helm,"Error: no repository definition for https://charts.min.io/, https://grafana.github.io/helm-charts. Please add the missing repos via 'helm repo add'"
https://github.com/efremov-it/security,efremov-it/security,cloned\efremov-it__security\practice\weeks\2-3\secureCodeBox\operator,Error: no repository definition for https://charts.bitnami.com/bitnami. Please add the missing repos via 'helm repo add'
https://github.com/ConductionNL/zaak-registratie-component,ConductionNL/zaak-registratie-component,cloned\ConductionNL__zaak-registratie-component\api\helm,"manager.go:122: warning: a valid Helm v3 hash was not found. Checking against Helm v2 hash...
Error: the lock file (requirements.lock) is out of sync with the dependencies file (requirements.yaml). Please update the dependencies"
https://github.com/ConductionNL/checkinservice,ConductionNL/checkinservice,cloned\ConductionNL__checkinservice\api\helm,"Getting updates for unmanaged Helm repositories...
...Successfully got an update from the ""https://charts.bitnami.com/bitnami"" chart repository
Hang tight while we grab the latest from your chart repositories...
...Successfully got an update from the ""traefik"" chart repository
Update Complete. ⎈Happy Helming!⎈
Error: can't get a valid version for 1 subchart(s): ""postgresql"" (repository ""https://charts.bitnami.com/bitnami"", version ""10.1.1""). Make sure a matching chart version exists in the repo, or change the version constraint in Chart.yaml"
https://github.com/ConductionNL/digispoof-old,ConductionNL/digispoof-old,cloned\ConductionNL__digispoof-old\api\helm,"manager.go:122: warning: a valid Helm v3 hash was not found. Checking against Helm v2 hash...
Error: the lock file (requirements.lock) is out of sync with the dependencies file (requirements.yaml). Please update the dependencies"
https://github.com/ConductionNL/proto-application-commonground,ConductionNL/proto-application-commonground,cloned\ConductionNL__proto-application-commonground\api\helm,"manager.go:122: warning: a valid Helm v3 hash was not found. Checking against Helm v2 hash...
Error: the lock file (requirements.lock) is out of sync with the dependencies file (requirements.yaml). Please update the dependencies"
https://github.com/bitnami/charts,bitnami/charts,cloned\bitnami__charts\bitnami\airflow,"Hang tight while we grab the latest from your chart repositories...
...Successfully got an update from the ""traefik"" chart repository
Update Complete. ⎈Happy Helming!⎈
Saving 3 charts
Downloading redis from repo oci://registry-1.docker.io/bitnamicharts
Save error occurred:  could not download oci://registry-1.docker.io/bitnamicharts/redis: failed to resolve registry-1.docker.io/bitnamicharts/redis:22.0.4: GET ""https://registry-1.docker.io/v2/bitnamicharts/redis/manifests/22.0.4"": response status code 429: toomanyrequests: You have reached your unauthenticated pull rate limit. https://www.docker.com/increase-rate-limit
Error: could not download oci://registry-1.docker.io/bitnamicharts/redis: failed to resolve registry-1.docker.io/bitnamicharts/redis:22.0.4: GET ""https://registry-1.docker.io/v2/bitnamicharts/redis/manifests/22.0.4"": response status code 429: toomanyrequests: You have reached your unauthenticated pull rate limit. https://www.docker.com/increase-rate-limit"
https://github.com/grafana/helm-charts,grafana/helm-charts,cloned\grafana__helm-charts\charts\enterprise-metrics,"Getting updates for unmanaged Helm repositories...
...Successfully got an update from the ""https://helm.min.io/"" chart repository
...Successfully got an update from the ""https://charts.bitnami.com/bitnami"" chart repository
Hang tight while we grab the latest from your chart repositories...
...Successfully got an update from the ""traefik"" chart repository
Update Complete. ⎈Happy Helming!⎈
Error: minio chart not found in repo https://helm.min.io/"
https://github.com/cloudnativeapp/charts,cloudnativeapp/charts,cloned\cloudnativeapp__charts\curated\airflow,"manager.go:122: warning: a valid Helm v3 hash was not found. Checking against Helm v2 hash...
Error: the lock file (requirements.lock) is out of sync with the dependencies file (requirements.yaml). Please update the dependencies"
https://github.com/krateoplatformops/composition-portal-starter,krateoplatformops/composition-portal-starter,cloned\krateoplatformops__composition-portal-starter\chart,"Error: validation: chart.metadata.version ""CHART_VERSION"" is invalid"
https://github.com/samcab28/Diseno-Software,samcab28/Diseno-Software,cloned\samcab28__Diseno-Software\proyecto\caso4\charts\databases,Error: the lock file (Chart.lock) is out of sync with the dependencies file (Chart.yaml). Please update the dependencies
https://github.com/rancher/charts,rancher/charts,cloned\rancher__charts\charts\epinio\102.0.1+up1.6.2,Error: the lock file (Chart.lock) is out of sync with the dependencies file (Chart.yaml). Please update the dependencies
https://github.com/gersonrs/hand-on-airflow-with-minio,gersonrs/hand-on-airflow-with-minio,cloned\gersonrs__hand-on-airflow-with-minio\airflow,Error: no repository definition for https://charts.bitnami.com/bitnami. Please add the missing repos via 'helm repo add'
https://github.com/musqat/lectures,musqat/lectures,cloned\musqat__lectures\MicroService\section_16\helm\grafana,"Hang tight while we grab the latest from your chart repositories...
...Successfully got an update from the ""traefik"" chart repository
Update Complete. ⎈Happy Helming!⎈
Saving 1 charts
Downloading common from repo oci://registry-1.docker.io/bitnamicharts
Save error occurred:  could not download oci://registry-1.docker.io/bitnamicharts/common: failed to resolve registry-1.docker.io/bitnamicharts/common:2.31.0: GET ""https://registry-1.docker.io/v2/bitnamicharts/common/manifests/2.31.0"": response status code 429: toomanyrequests: You have reached your unauthenticated pull rate limit. https://www.docker.com/increase-rate-limit
Error: could not download oci://registry-1.docker.io/bitnamicharts/common: failed to resolve registry-1.docker.io/bitnamicharts/common:2.31.0: GET ""https://registry-1.docker.io/v2/bitnamicharts/common/manifests/2.31.0"": response status code 429: toomanyrequests: You have reached your unauthenticated pull rate limit. https://www.docker.com/increase-rate-limit"
https://github.com/general-rj45/mini-ml-stand-GRJ45,general-rj45/mini-ml-stand-GRJ45,cloned\general-rj45__mini-ml-stand-GRJ45\airflow-14.2.5\airflow,"Hang tight while we grab the latest from your chart repositories...
...Successfully got an update from the ""traefik"" chart repository
Update Complete. ⎈Happy Helming!⎈
Saving 3 charts
Downloading redis from repo oci://registry-1.docker.io/bitnamicharts
Save error occurred:  could not download oci://registry-1.docker.io/bitnamicharts/redis: failed to resolve registry-1.docker.io/bitnamicharts/redis:17.11.3: GET ""https://registry-1.docker.io/v2/bitnamicharts/redis/manifests/17.11.3"": response status code 429: toomanyrequests: You have reached your unauthenticated pull rate limit. https://www.docker.com/increase-rate-limit
Error: could not download oci://registry-1.docker.io/bitnamicharts/redis: failed to resolve registry-1.docker.io/bitnamicharts/redis:17.11.3: GET ""https://registry-1.docker.io/v2/bitnamicharts/redis/manifests/17.11.3"": response status code 429: toomanyrequests: You have reached your unauthenticated pull rate limit. https://www.docker.com/increase-rate-limit"
https://github.com/shini4i/charts,shini4i/charts,cloned\shini4i__charts\charts\app,Error: no repository definition for https://shini4i.github.io/charts/. Please add the missing repos via 'helm repo add'
https://github.com/otus-kuber-2020-07/israodin_platform,otus-kuber-2020-07/israodin_platform,cloned\otus-kuber-2020-07__israodin_platform\kubernetes-templating\hipster-shop,Error: no repository definition for https://charts.bitnami.com/bitnami. Please add the missing repos via 'helm repo add'
https://github.com/robertbenzinger/charts,robertbenzinger/charts,cloned\robertbenzinger__charts\janusgraph,"Getting updates for unmanaged Helm repositories...
...Successfully got an update from the ""https://charts.bitnami.com/bitnami"" chart repository
...Successfully got an update from the ""https://charts.bitnami.com/bitnami"" chart repository
Hang tight while we grab the latest from your chart repositories...
...Successfully got an update from the ""traefik"" chart repository
Update Complete. ⎈Happy Helming!⎈
Error: can't get a valid version for 2 subchart(s): ""cassandra"" (repository ""https://charts.bitnami.com/bitnami"", version ""5.6.1""), ""elasticsearch"" (repository ""https://charts.bitnami.com/bitnami"", version ""12.6.2""). Make sure a matching chart version exists in the repo, or change the version constraint in Chart.yaml"
https://github.com/openlit/helm,openlit/helm,cloned\openlit__helm\charts\openlit,Error: no repository definition for https://openlit.github.io/helm/. Please add the missing repos via 'helm repo add'
https://github.com/marcus-sa/helm-charts,marcus-sa/helm-charts,cloned\marcus-sa__helm-charts\repositories\banzaicloud-stable\anchore-engine\0.13.0\chart,"manager.go:122: warning: a valid Helm v3 hash was not found. Checking against Helm v2 hash...
Error: no repository definition for https://kubernetes-charts.storage.googleapis.com, https://kubernetes-charts.storage.googleapis.com, https://kubernetes-charts.storage.googleapis.com. Please add the missing repos via 'helm repo add'"
https://github.com/hey101/scale-catalog,hey101/scale-catalog,cloned\hey101__scale-catalog\incubator\archivebox\0.7.2,"Hang tight while we grab the latest from your chart repositories...
...Successfully got an update from the ""traefik"" chart repository
Update Complete. ⎈Happy Helming!⎈
Saving 1 charts
Downloading common from repo oci://tccr.io/truecharts
Save error occurred:  could not download oci://tccr.io/truecharts/common: failed to resolve tccr.io/truecharts/common:17.5.1: Get ""https://tccr.io/v2/truecharts/common/manifests/17.5.1"": dial tcp: lookup tccr.io: no such host
Error: could not download oci://tccr.io/truecharts/common: failed to resolve tccr.io/truecharts/common:17.5.1: Get ""https://tccr.io/v2/truecharts/common/manifests/17.5.1"": dial tcp: lookup tccr.io: no such host"
https://github.com/unity-systems/spring-demo,unity-systems/spring-demo,cloned\unity-systems__spring-demo\charts\preview,"Getting updates for unmanaged Helm repositories...
...Unable to get an update from the ""https://chartmuseum.build.cd.jenkins-x.io"" chart repository:
	Get ""https://chartmuseum.build.cd.jenkins-x.io/index.yaml"": dial tcp 35.205.186.189:443: connectex: Uma tentativa de ligação falhou porque o componente ligado não respondeu
corretamente após um período de tempo, ou a ligação estabelecida falhou
porque o anfitrião ligado não respondeu.
Hang tight while we grab the latest from your chart repositories...
...Successfully got an update from the ""traefik"" chart repository
Update Complete. ⎈Happy Helming!⎈
Error: no cached repository for helm-manager-e0b822155b4ae5f667d1ffc8875a97176819d25e9b8afb113dc2a031f0a96e31 found. (try 'helm repo update'): open C:\Users\miabs\AppData\Local\Temp\helm\repository\helm-manager-e0b822155b4ae5f667d1ffc8875a97176819d25e9b8afb113dc2a031f0a96e31-index.yaml: O sistema não conseguiu localizar o ficheiro especificado."
https://github.com/deresegetachew/playing-helm,deresegetachew/playing-helm,cloned\deresegetachew__playing-helm\kanban-backend,Error: no repository definition for https://charts.bitnami.com/bitnami. Please add the missing repos via 'helm repo add'
https://github.com/nadav07/helmTesting,nadav07/helmTesting,cloned\nadav07__helmTesting\chartTest,Error: the lock file (Chart.lock) is out of sync with the dependencies file (Chart.yaml). Please update the dependencies
https://github.com/ibuildthecloud/rancher-charts,ibuildthecloud/rancher-charts,cloned\ibuildthecloud__rancher-charts\charts\anchore-engine\0.1.0,"manager.go:122: warning: a valid Helm v3 hash was not found. Checking against Helm v2 hash...
Error: no repository definition for https://kubernetes-charts.storage.googleapis.com. Please add the missing repos via 'helm repo add'"
https://github.com/czerwonk/hakanai,czerwonk/hakanai,cloned\czerwonk__hakanai\helm\hakanai,"Hang tight while we grab the latest from your chart repositories...
...Successfully got an update from the ""traefik"" chart repository
Update Complete. ⎈Happy Helming!⎈
Saving 1 charts
Downloading redis from repo oci://registry-1.docker.io/bitnamicharts
Save error occurred:  could not download oci://registry-1.docker.io/bitnamicharts/redis: failed to resolve registry-1.docker.io/bitnamicharts/redis:20.5.0: GET ""https://registry-1.docker.io/v2/bitnamicharts/redis/manifests/20.5.0"": response status code 429: toomanyrequests: You have reached your unauthenticated pull rate limit. https://www.docker.com/increase-rate-limit
Error: could not download oci://registry-1.docker.io/bitnamicharts/redis: failed to resolve registry-1.docker.io/bitnamicharts/redis:20.5.0: GET ""https://registry-1.docker.io/v2/bitnamicharts/redis/manifests/20.5.0"": response status code 429: toomanyrequests: You have reached your unauthenticated pull rate limit. https://www.docker.com/increase-rate-limit"
https://github.com/Abinesh0206/gitlab-ce,Abinesh0206/gitlab-ce,cloned\Abinesh0206__gitlab-ce,"Error: no repository definition for https://charts.jetstack.io/, https://prometheus-community.github.io/helm-charts, https://charts.bitnami.com/bitnami, https://charts.gitlab.io/, https://charts.bitnami.com/bitnami, https://charts.gitlab.io/, https://helm.traefik.io/traefik, https://haproxytech.github.io/helm-charts. Please add the missing repos via 'helm repo add'"
https://github.com/samfms/truecharts,samfms/truecharts,cloned\samfms__truecharts\deprecated\bitwarden\1.2.5,"Error: no repository definition for https://truecharts.org/, https://charts.bitnami.com/bitnami. Please add the missing repos via 'helm repo add'"
https://github.com/Blankeeir/demo,Blankeeir/demo,cloned\Blankeeir__demo\infrastructure\helm\rafiki,"Error: no repository definition for https://charts.bitnami.com/bitnami, https://charts.bitnami.com/bitnami, https://interledger.github.io/helm-charts, https://interledger.github.io/helm-charts, https://interledger.github.io/helm-charts. Please add the missing repos via 'helm repo add'"
https://github.com/randoli/helm-charts,randoli/helm-charts,cloned\randoli__helm-charts\charts\loki,"Error: no repository definition for https://charts.min.io/, https://grafana.github.io/helm-charts, https://grafana.github.io/helm-charts. Please add the missing repos via 'helm repo add'"
https://github.com/dylanjustice/the-grid,dylanjustice/the-grid,cloned\dylanjustice__the-grid\gitops\workloads\kube-prometheus,Error: no repository definition for https://prometheus-community.github.io/helm-charts. Please add the missing repos via 'helm repo add'
https://github.com/Mark4562/Truenas-Scale,Mark4562/Truenas-Scale,cloned\Mark4562__Truenas-Scale\premium\authelia\23.13.13,"Hang tight while we grab the latest from your chart repositories...
...Successfully got an update from the ""traefik"" chart repository
Update Complete. ⎈Happy Helming!⎈
Saving 2 charts
Downloading common from repo oci://tccr.io/truecharts
Save error occurred:  could not download oci://tccr.io/truecharts/common: failed to resolve tccr.io/truecharts/common:20.3.11: Get ""https://tccr.io/v2/truecharts/common/manifests/20.3.11"": dial tcp: lookup tccr.io: no such host
Error: could not download oci://tccr.io/truecharts/common: failed to resolve tccr.io/truecharts/common:20.3.11: Get ""https://tccr.io/v2/truecharts/common/manifests/20.3.11"": dial tcp: lookup tccr.io: no such host"
https://github.com/praveenperera/matrix-element,praveenperera/matrix-element,cloned\praveenperera__matrix-element\matrix-synapse,"Error: no repository definition for https://charts.bitnami.com/bitnami, https://charts.bitnami.com/bitnami. Please add the missing repos via 'helm repo add'"
https://github.com/suomitek/suomitek-charts,suomitek/suomitek-charts,cloned\suomitek__suomitek-charts\suomitek\airflow,"Error: no repository definition for https://charts.bitnami.com/bitnami, https://charts.bitnami.com/bitnami. Please add the missing repos via 'helm repo add'"
https://github.com/sapcc/helm-charts,sapcc/helm-charts,cloned\sapcc__helm-charts\common\inventory-updater,"Hang tight while we grab the latest from your chart repositories...
...Successfully got an update from the ""traefik"" chart repository
Update Complete. ⎈Happy Helming!⎈
Saving 1 charts
Downloading owner-info from repo oci://keppel.eu-de-1.cloud.sap/ccloud-helm
Save error occurred:  could not download oci://keppel.eu-de-1.cloud.sap/ccloud-helm/owner-info: failed to resolve keppel.eu-de-1.cloud.sap/ccloud-helm/owner-info:0.2.0: Get ""https://keppel.eu-de-1.cloud.sap/v2/ccloud-helm/owner-info/manifests/0.2.0"": dial tcp: lookup keppel.eu-de-1.cloud.sap: getaddrinfow: Este é geralmente um erro temporário durante a resolução de nomes de anfitrião e significa que o servidor local não recebeu uma resposta de um servidor autoritário.
Error: could not download oci://keppel.eu-de-1.cloud.sap/ccloud-helm/owner-info: failed to resolve keppel.eu-de-1.cloud.sap/ccloud-helm/owner-info:0.2.0: Get ""https://keppel.eu-de-1.cloud.sap/v2/ccloud-helm/owner-info/manifests/0.2.0"": dial tcp: lookup keppel.eu-de-1.cloud.sap: getaddrinfow: Este é geralmente um erro temporário durante a resolução de nomes de anfitrião e significa que o servidor local não recebeu uma resposta de um servidor autoritário."
https://github.com/feliux/containers-lab,feliux/containers-lab,cloned\feliux__containers-lab\k8s\sysdig,Error: directory cloned\feliux__containers-lab\k8s\admission-controller not found
https://github.com/quantumreasoning/kubeapps,quantumreasoning/kubeapps,cloned\quantumreasoning__kubeapps\chart\kubeapps,"Hang tight while we grab the latest from your chart repositories...
...Successfully got an update from the ""traefik"" chart repository
Update Complete. ⎈Happy Helming!⎈
Saving 3 charts
Downloading redis from repo oci://registry-1.docker.io/bitnamicharts
Save error occurred:  could not download oci://registry-1.docker.io/bitnamicharts/redis: failed to resolve registry-1.docker.io/bitnamicharts/redis:20.2.0: GET ""https://registry-1.docker.io/v2/bitnamicharts/redis/manifests/20.2.0"": response status code 429: toomanyrequests: You have reached your unauthenticated pull rate limit. https://www.docker.com/increase-rate-limit
Error: could not download oci://registry-1.docker.io/bitnamicharts/redis: failed to resolve registry-1.docker.io/bitnamicharts/redis:20.2.0: GET ""https://registry-1.docker.io/v2/bitnamicharts/redis/manifests/20.2.0"": response status code 429: toomanyrequests: You have reached your unauthenticated pull rate limit. https://www.docker.com/increase-rate-limit"
https://github.com/ndawpa/guiadodevops,ndawpa/guiadodevops,cloned\ndawpa__guiadodevops\kubernetes\helm\airflow-1.18.0\airflow,Error: no repository definition for https://charts.bitnami.com/bitnami. Please add the missing repos via 'helm repo add'
https://github.com/jstrachan/demo16,jstrachan/demo16,cloned\jstrachan__demo16\charts\preview,"Getting updates for unmanaged Helm repositories...
...Unable to get an update from the ""https://chartmuseum.build.cd.jenkins-x.io"" chart repository:
	Get ""https://chartmuseum.build.cd.jenkins-x.io/index.yaml"": dial tcp 35.205.186.189:443: connectex: Uma tentativa de ligação falhou porque o componente ligado não respondeu
corretamente após um período de tempo, ou a ligação estabelecida falhou
porque o anfitrião ligado não respondeu.
Hang tight while we grab the latest from your chart repositories...
...Successfully got an update from the ""traefik"" chart repository
Update Complete. ⎈Happy Helming!⎈
Error: no cached repository for helm-manager-e0b822155b4ae5f667d1ffc8875a97176819d25e9b8afb113dc2a031f0a96e31 found. (try 'helm repo update'): open C:\Users\miabs\AppData\Local\Temp\helm\repository\helm-manager-e0b822155b4ae5f667d1ffc8875a97176819d25e9b8afb113dc2a031f0a96e31-index.yaml: O sistema não conseguiu localizar o ficheiro especificado."
https://github.com/t9k/apps,t9k/apps,cloned\t9k__apps\user-console\chatnio\chart,"Hang tight while we grab the latest from your chart repositories...
...Successfully got an update from the ""traefik"" chart repository
Update Complete. ⎈Happy Helming!⎈
Saving 2 charts
Downloading mysql from repo oci://registry-1.docker.io/bitnamicharts
Save error occurred:  could not download oci://registry-1.docker.io/bitnamicharts/mysql: failed to resolve registry-1.docker.io/bitnamicharts/mysql:9.18.2: GET ""https://registry-1.docker.io/v2/bitnamicharts/mysql/manifests/9.18.2"": response status code 429: toomanyrequests: You have reached your unauthenticated pull rate limit. https://www.docker.com/increase-rate-limit
Error: could not download oci://registry-1.docker.io/bitnamicharts/mysql: failed to resolve registry-1.docker.io/bitnamicharts/mysql:9.18.2: GET ""https://registry-1.docker.io/v2/bitnamicharts/mysql/manifests/9.18.2"": response status code 429: toomanyrequests: You have reached your unauthenticated pull rate limit. https://www.docker.com/increase-rate-limit"
https://github.com/TrevorSquillario/iDRAC-Telemetry-Ansible-Demo,TrevorSquillario/iDRAC-Telemetry-Ansible-Demo,cloned\TrevorSquillario__iDRAC-Telemetry-Ansible-Demo\k8s\helm\app,"Error: no repository definition for https://grafana.github.io/helm-charts, https://prometheus-community.github.io/helm-charts. Please add the missing repos via 'helm repo add'"
https://github.com/DOME-Marketplace/dome-gitops,DOME-Marketplace/dome-gitops,cloned\DOME-Marketplace__dome-gitops\ionos\marketplace\kafka,"Hang tight while we grab the latest from your chart repositories...
...Successfully got an update from the ""traefik"" chart repository
Update Complete. ⎈Happy Helming!⎈
Saving 1 charts
Downloading kafka from repo oci://registry-1.docker.io/bitnamicharts
Save error occurred:  could not download oci://registry-1.docker.io/bitnamicharts/kafka: failed to resolve registry-1.docker.io/bitnamicharts/kafka:26.0.0: GET ""https://registry-1.docker.io/v2/bitnamicharts/kafka/manifests/26.0.0"": response status code 429: toomanyrequests: You have reached your unauthenticated pull rate limit. https://www.docker.com/increase-rate-limit
Error: could not download oci://registry-1.docker.io/bitnamicharts/kafka: failed to resolve registry-1.docker.io/bitnamicharts/kafka:26.0.0: GET ""https://registry-1.docker.io/v2/bitnamicharts/kafka/manifests/26.0.0"": response status code 429: toomanyrequests: You have reached your unauthenticated pull rate limit. https://www.docker.com/increase-rate-limit"
https://github.com/deepdivenow/rke2-charts,deepdivenow/rke2-charts,cloned\deepdivenow__rke2-charts\charts\harvester-cloud-provider\harvester-cloud-provider\0.2.100,Error: the lock file (Chart.lock) is out of sync with the dependencies file (Chart.yaml). Please update the dependencies
https://github.com/aemneina/testcatalog,aemneina/testcatalog,cloned\aemneina__testcatalog\incubator\gogs,"manager.go:122: warning: a valid Helm v3 hash was not found. Checking against Helm v2 hash...
Error: no repository definition for https://kubernetes-charts.storage.googleapis.com/. Please add the missing repos via 'helm repo add'"
https://github.com/dynatrace-wwse/enablement-kubernetes-opentelemetry,dynatrace-wwse/enablement-kubernetes-opentelemetry,cloned\dynatrace-wwse__enablement-kubernetes-opentelemetry\.devcontainer\apps\astroshop\helm\dt-otel-demo-helm,"Error: no repository definition for https://open-telemetry.github.io/opentelemetry-helm-charts, https://open-telemetry.github.io/opentelemetry-helm-charts. Please add the missing repos via 'helm repo add'"
https://github.com/keonhoban/mlops-infra-gitops,keonhoban/mlops-infra-gitops,cloned\keonhoban__mlops-infra-gitops\baseline\charts\minio-wrapper,"Hang tight while we grab the latest from your chart repositories...
...Successfully got an update from the ""traefik"" chart repository
Update Complete. ⎈Happy Helming!⎈
Saving 1 charts
Downloading minio from repo oci://registry-1.docker.io/bitnamicharts
Save error occurred:  could not download oci://registry-1.docker.io/bitnamicharts/minio: failed to resolve registry-1.docker.io/bitnamicharts/minio:17.0.21: GET ""https://registry-1.docker.io/v2/bitnamicharts/minio/manifests/17.0.21"": response status code 429: toomanyrequests: You have reached your unauthenticated pull rate limit. https://www.docker.com/increase-rate-limit
Error: could not download oci://registry-1.docker.io/bitnamicharts/minio: failed to resolve registry-1.docker.io/bitnamicharts/minio:17.0.21: GET ""https://registry-1.docker.io/v2/bitnamicharts/minio/manifests/17.0.21"": response status code 429: toomanyrequests: You have reached your unauthenticated pull rate limit. https://www.docker.com/increase-rate-limit"
https://github.com/SBasak8/eu-val-loki,SBasak8/eu-val-loki,cloned\SBasak8__eu-val-loki\charts\airflow,"Getting updates for unmanaged Helm repositories...
...Successfully got an update from the ""https://charts.bitnami.com/bitnami"" chart repository
Hang tight while we grab the latest from your chart repositories...
...Successfully got an update from the ""traefik"" chart repository
Update Complete. ⎈Happy Helming!⎈
Error: can't get a valid version for 1 subchart(s): ""postgresql"" (repository ""https://charts.bitnami.com/bitnami"", version ""10.5.3""). Make sure a matching chart version exists in the repo, or change the version constraint in Chart.yaml"
https://github.com/VadimShtukan/otus_homework,VadimShtukan/otus_homework,cloned\VadimShtukan__otus_homework\architect\lesson05\kubernetis\helm-chart,Error: no repository definition for https://kubernetes-charts.storage.googleapis.com. Please add the missing repos via 'helm repo add'
https://github.com/dariuszbolkowski/ezdrp_process,dariuszbolkowski/ezdrp_process,cloned\dariuszbolkowski__ezdrp_process\charts\ezd-backend\1.0.0\charts\mongodb,Error: no repository definition for https://charts.bitnami.com/bitnami. Please add the missing repos via 'helm repo add'
https://github.com/ValeriiVasianovych/argocd-kubernetes-infrastructure,ValeriiVasianovych/argocd-kubernetes-infrastructure,cloned\ValeriiVasianovych__argocd-kubernetes-infrastructure\icdev-01\helmCharts\prometheus-stack,"manager.go:122: warning: a valid Helm v3 hash was not found. Checking against Helm v2 hash...
Error: the lock file (requirements.lock) is out of sync with the dependencies file (requirements.yaml). Please update the dependencies"
https://github.com/Jozefwl/applications-waldoserver,Jozefwl/applications-waldoserver,cloned\Jozefwl__applications-waldoserver\Applications\ERPNext\erpnext-official\erpnext,"Error: no repository definition for https://charts.bitnami.com/bitnami, https://charts.bitnami.com/bitnami, https://charts.bitnami.com/bitnami, https://charts.bitnami.com/bitnami. Please add the missing repos via 'helm repo add'"
https://github.com/svtechnmaa/charts,svtechnmaa/charts,cloned\svtechnmaa__charts\kubernetes\airflow,"Getting updates for unmanaged Helm repositories...
...Successfully got an update from the ""https://charts.bitnami.com/bitnami"" chart repository
Hang tight while we grab the latest from your chart repositories...
...Successfully got an update from the ""traefik"" chart repository
Update Complete. ⎈Happy Helming!⎈
Error: can't get a valid version for 1 subchart(s): ""postgresql"" (repository ""https://charts.bitnami.com/bitnami"", version ""10.5.3""). Make sure a matching chart version exists in the repo, or change the version constraint in Chart.yaml"
https://github.com/kingdonb/gitops-hephy,kingdonb/gitops-hephy,cloned\kingdonb__gitops-hephy\workflow,"Error: error unpacking subchart monitor in workflow: error unpacking subchart grafana in monitor: validation: chart.metadata.version ""<Will be populated by the ci before publishing the chart>"" is invalid"
https://github.com/NourBkh/k8s-config-repo,NourBkh/k8s-config-repo,cloned\NourBkh__k8s-config-repo\monitoring,Error: no repository definition for https://prometheus-community.github.io/helm-charts. Please add the missing repos via 'helm repo add'
https://github.com/cyberrangecz/devops-helm,cyberrangecz/devops-helm,cloned\cyberrangecz__devops-helm\helm\crczp-head,Error: directory cloned\cyberrangecz__devops-helm\helm\charts\common not found
https://github.com/joostvdg/cmg,joostvdg/cmg,cloned\joostvdg__cmg\charts\preview,"Getting updates for unmanaged Helm repositories...
...Unable to get an update from the ""http://chartmuseum.jenkins-x.io"" chart repository:
	failed to fetch http://chartmuseum.jenkins-x.io/index.yaml : 404 Not Found
Hang tight while we grab the latest from your chart repositories...
...Successfully got an update from the ""traefik"" chart repository
Update Complete. ⎈Happy Helming!⎈
Error: no cached repository for helm-manager-d8c90e93d45e753db0fa4ec457d893e08cd1e0827b77896ee636b714706cbbb2 found. (try 'helm repo update'): open C:\Users\miabs\AppData\Local\Temp\helm\repository\helm-manager-d8c90e93d45e753db0fa4ec457d893e08cd1e0827b77896ee636b714706cbbb2-index.yaml: O sistema não conseguiu localizar o ficheiro especificado."
https://github.com/superdoo/multitier-webapp,superdoo/multitier-webapp,cloned\superdoo__multitier-webapp\helm\postgresql,Error: no repository definition for https://charts.bitnami.com/bitnami. Please add the missing repos via 'helm repo add'
https://github.com/IvanciniGT/formacionHelm,IvanciniGT/formacionHelm,cloned\IvanciniGT__formacionHelm\charts\mariadb,"Hang tight while we grab the latest from your chart repositories...
...Successfully got an update from the ""traefik"" chart repository
Update Complete. ⎈Happy Helming!⎈
Saving 1 charts
Downloading common from repo oci://registry-1.docker.io/bitnamicharts
Save error occurred:  could not download oci://registry-1.docker.io/bitnamicharts/common: failed to resolve registry-1.docker.io/bitnamicharts/common:2.6.0: GET ""https://registry-1.docker.io/v2/bitnamicharts/common/manifests/2.6.0"": response status code 429: toomanyrequests: You have reached your unauthenticated pull rate limit. https://www.docker.com/increase-rate-limit
Error: could not download oci://registry-1.docker.io/bitnamicharts/common: failed to resolve registry-1.docker.io/bitnamicharts/common:2.6.0: GET ""https://registry-1.docker.io/v2/bitnamicharts/common/manifests/2.6.0"": response status code 429: toomanyrequests: You have reached your unauthenticated pull rate limit. https://www.docker.com/increase-rate-limit"
https://github.com/wadhekarpankaj/k8s-infrastructure,wadhekarpankaj/k8s-infrastructure,cloned\wadhekarpankaj__k8s-infrastructure\charts\argo-cd,Error: no repository definition for https://dandydeveloper.github.io/charts/. Please add the missing repos via 'helm repo add'
https://github.com/cb-kubecd/bdd-gh-1581604741,cb-kubecd/bdd-gh-1581604741,cloned\cb-kubecd__bdd-gh-1581604741\charts\preview,"Getting updates for unmanaged Helm repositories...
...Unable to get an update from the ""http://chartmuseum.jenkins-x.io"" chart repository:
	failed to fetch http://chartmuseum.jenkins-x.io/index.yaml : 404 Not Found
Hang tight while we grab the latest from your chart repositories...
...Successfully got an update from the ""traefik"" chart repository
Update Complete. ⎈Happy Helming!⎈
Error: no cached repository for helm-manager-d8c90e93d45e753db0fa4ec457d893e08cd1e0827b77896ee636b714706cbbb2 found. (try 'helm repo update'): open C:\Users\miabs\AppData\Local\Temp\helm\repository\helm-manager-d8c90e93d45e753db0fa4ec457d893e08cd1e0827b77896ee636b714706cbbb2-index.yaml: O sistema não conseguiu localizar o ficheiro especificado."
https://github.com/Ammar-Taimoori/speechmatics-helm-chart,Ammar-Taimoori/speechmatics-helm-chart,cloned\Ammar-Taimoori__speechmatics-helm-chart\1.2.0\sm-realtime,Error: directory cloned\Ammar-Taimoori__speechmatics-helm-chart\1.2.0\sm-proxy not found
https://github.com/sookeke/jps-pidp,sookeke/jps-pidp,cloned\sookeke__jps-pidp\charts\nginx,Error: no repository definition for https://charts.bitnami.com/bitnami. Please add the missing repos via 'helm repo add'
https://github.com/HelmCI/ci-mon,HelmCI/ci-mon,cloned\HelmCI__ci-mon\charts\jaeger,"Error: no repository definition for https://charts.helm.sh/incubator, https://charts.bitnami.com/bitnami, https://charts.bitnami.com/bitnami, https://charts.bitnami.com/bitnami. Please add the missing repos via 'helm repo add'"
https://github.com/KevMCarp/truecharts-catalog-fork,KevMCarp/truecharts-catalog-fork,cloned\KevMCarp__truecharts-catalog-fork\dependency\clickhouse\5.0.54,"Getting updates for unmanaged Helm repositories...
...Unable to get an update from the ""https://library-charts.truecharts.org"" chart repository:
	Get ""https://library-charts.truecharts.org/index.yaml"": dial tcp: lookup library-charts.truecharts.org: no such host
Hang tight while we grab the latest from your chart repositories...
...Successfully got an update from the ""traefik"" chart repository
Update Complete. ⎈Happy Helming!⎈
Error: no cached repository for helm-manager-024b189b59f6c6ccf0de6e5148db1578caf551c511f4eb220ece14cef00f80e0 found. (try 'helm repo update'): open C:\Users\miabs\AppData\Local\Temp\helm\repository\helm-manager-024b189b59f6c6ccf0de6e5148db1578caf551c511f4eb220ece14cef00f80e0-index.yaml: O sistema não conseguiu localizar o ficheiro especificado."
https://github.com/tetratelabs/charts,tetratelabs/charts,cloned\tetratelabs__charts\charts\demos\istio-monitoring-demo,"Error: no repository definition for https://grafana.github.io/helm-charts, https://prometheus-community.github.io/helm-charts, https://prometheus-community.github.io/helm-charts. Please add the missing repos via 'helm repo add'"
https://github.com/teamhephy/redis,teamhephy/redis,cloned\teamhephy__redis\charts\redis,"Error: validation: chart.metadata.version ""<Will be populated by the ci before publishing the chart>"" is invalid"
https://github.com/wesparish/rancher-catalog,wesparish/rancher-catalog,cloned\wesparish__rancher-catalog\charts\ark-wes,Error: directory cloned\ark-server-charts\charts\ark-cluster not found
https://github.com/cb-kubecd/bdd-nh-import-1586949778,cb-kubecd/bdd-nh-import-1586949778,cloned\cb-kubecd__bdd-nh-import-1586949778\charts\preview,"Getting updates for unmanaged Helm repositories...
...Unable to get an update from the ""http://chartmuseum.jenkins-x.io"" chart repository:
	failed to fetch http://chartmuseum.jenkins-x.io/index.yaml : 404 Not Found
Hang tight while we grab the latest from your chart repositories...
...Successfully got an update from the ""traefik"" chart repository
Update Complete. ⎈Happy Helming!⎈
Error: no cached repository for helm-manager-d8c90e93d45e753db0fa4ec457d893e08cd1e0827b77896ee636b714706cbbb2 found. (try 'helm repo update'): open C:\Users\miabs\AppData\Local\Temp\helm\repository\helm-manager-d8c90e93d45e753db0fa4ec457d893e08cd1e0827b77896ee636b714706cbbb2-index.yaml: O sistema não conseguiu localizar o ficheiro especificado."
https://github.com/tetratelabs/helm-charts,tetratelabs/helm-charts,cloned\tetratelabs__helm-charts\charts\demos\istio-monitoring-demo,"Error: no repository definition for https://grafana.github.io/helm-charts, https://prometheus-community.github.io/helm-charts, https://prometheus-community.github.io/helm-charts. Please add the missing repos via 'helm repo add'"
https://github.com/ArvigEnterprises/integration-tests-bluegreen,ArvigEnterprises/integration-tests-bluegreen,cloned\ArvigEnterprises__integration-tests-bluegreen\.helm\charts\arvigtestcluster334d\canary,Error: directory cloned\ArvigEnterprises__integration-tests-bluegreen\.helm\charts\arvigtestcluster334d\laravel-library not found
https://github.com/tis-system/charts,tis-system/charts,cloned\tis-system__charts\charts\demos\istio-monitoring-demo\0.1.0,"Error: no repository definition for https://grafana.github.io/helm-charts, https://prometheus-community.github.io/helm-charts, https://prometheus-community.github.io/helm-charts. Please add the missing repos via 'helm repo add'"
https://github.com/LMCache/LMBench,LMCache/LMBench,cloned\LMCache__LMBench\2-serving-engines\dynamo\dynamo\deploy\cloud\helm\platform,"Getting updates for unmanaged Helm repositories...
...Successfully got an update from the ""https://nats-io.github.io/k8s/helm/charts/"" chart repository
...Successfully got an update from the ""https://charts.bitnami.com/bitnami"" chart repository
...Successfully got an update from the ""https://charts.bitnami.com/bitnami"" chart repository
...Successfully got an update from the ""https://charts.bitnami.com/bitnami"" chart repository
Hang tight while we grab the latest from your chart repositories...
...Successfully got an update from the ""traefik"" chart repository
Update Complete. ⎈Happy Helming!⎈
Saving 6 charts
Downloading nats from repo https://nats-io.github.io/k8s/helm/charts/
Downloading etcd from repo https://charts.bitnami.com/bitnami
Save error occurred:  could not download oci://registry-1.docker.io/bitnamicharts/etcd: failed to resolve registry-1.docker.io/bitnamicharts/etcd:11.1.0: GET ""https://registry-1.docker.io/v2/bitnamicharts/etcd/manifests/11.1.0"": response status code 429: toomanyrequests: You have reached your unauthenticated pull rate limit. https://www.docker.com/increase-rate-limit
Error: could not download oci://registry-1.docker.io/bitnamicharts/etcd: failed to resolve registry-1.docker.io/bitnamicharts/etcd:11.1.0: GET ""https://registry-1.docker.io/v2/bitnamicharts/etcd/manifests/11.1.0"": response status code 429: toomanyrequests: You have reached your unauthenticated pull rate limit. https://www.docker.com/increase-rate-limit"
https://github.com/tkestack/charts,tkestack/charts,cloned\tkestack__charts\incubator\airflow,"manager.go:122: warning: a valid Helm v3 hash was not found. Checking against Helm v2 hash...
Error: no repository definition for https://kubernetes-charts.storage.googleapis.com/, https://kubernetes-charts.storage.googleapis.com/. Please add the missing repos via 'helm repo add'"
https://github.com/shakedaskayo/kubiya-demo,shakedaskayo/kubiya-demo,cloned\shakedaskayo__kubiya-demo\helm\bitnami-charts\bitnami\airflow,"Hang tight while we grab the latest from your chart repositories...
...Successfully got an update from the ""traefik"" chart repository
Update Complete. ⎈Happy Helming!⎈
Saving 3 charts
Downloading redis from repo oci://registry-1.docker.io/bitnamicharts
Save error occurred:  could not download oci://registry-1.docker.io/bitnamicharts/redis: failed to resolve registry-1.docker.io/bitnamicharts/redis:18.11.0: GET ""https://registry-1.docker.io/v2/bitnamicharts/redis/manifests/18.11.0"": response status code 429: toomanyrequests: You have reached your unauthenticated pull rate limit. https://www.docker.com/increase-rate-limit
Error: could not download oci://registry-1.docker.io/bitnamicharts/redis: failed to resolve registry-1.docker.io/bitnamicharts/redis:18.11.0: GET ""https://registry-1.docker.io/v2/bitnamicharts/redis/manifests/18.11.0"": response status code 429: toomanyrequests: You have reached your unauthenticated pull rate limit. https://www.docker.com/increase-rate-limit"
https://github.com/moophlo/helm-charts,moophlo/helm-charts,cloned\moophlo__helm-charts\bitnami\airflow,"Hang tight while we grab the latest from your chart repositories...
...Successfully got an update from the ""traefik"" chart repository
Update Complete. ⎈Happy Helming!⎈
Saving 3 charts
Downloading redis from repo oci://registry-1.docker.io/bitnamicharts
Save error occurred:  could not download oci://registry-1.docker.io/bitnamicharts/redis: failed to resolve registry-1.docker.io/bitnamicharts/redis:22.0.4: GET ""https://registry-1.docker.io/v2/bitnamicharts/redis/manifests/22.0.4"": response status code 429: toomanyrequests: You have reached your unauthenticated pull rate limit. https://www.docker.com/increase-rate-limit
Error: could not download oci://registry-1.docker.io/bitnamicharts/redis: failed to resolve registry-1.docker.io/bitnamicharts/redis:22.0.4: GET ""https://registry-1.docker.io/v2/bitnamicharts/redis/manifests/22.0.4"": response status code 429: toomanyrequests: You have reached your unauthenticated pull rate limit. https://www.docker.com/increase-rate-limit"
https://github.com/aicanhelp/ai-cloud,aicanhelp/ai-cloud,cloned\aicanhelp__ai-cloud\bitnami\charts\bitnami-202503\airflow,"Hang tight while we grab the latest from your chart repositories...
...Successfully got an update from the ""traefik"" chart repository
Update Complete. ⎈Happy Helming!⎈
Saving 3 charts
Downloading redis from repo oci://registry-1.docker.io/bitnamicharts
Save error occurred:  could not download oci://registry-1.docker.io/bitnamicharts/redis: failed to resolve registry-1.docker.io/bitnamicharts/redis:20.7.1: GET ""https://registry-1.docker.io/v2/bitnamicharts/redis/manifests/20.7.1"": response status code 429: toomanyrequests: You have reached your unauthenticated pull rate limit. https://www.docker.com/increase-rate-limit
Error: could not download oci://registry-1.docker.io/bitnamicharts/redis: failed to resolve registry-1.docker.io/bitnamicharts/redis:20.7.1: GET ""https://registry-1.docker.io/v2/bitnamicharts/redis/manifests/20.7.1"": response status code 429: toomanyrequests: You have reached your unauthenticated pull rate limit. https://www.docker.com/increase-rate-limit"
https://github.com/itboon/bitnami-charts,itboon/bitnami-charts,cloned\itboon__bitnami-charts\charts-bitnami\airflow,"Hang tight while we grab the latest from your chart repositories...
...Successfully got an update from the ""traefik"" chart repository
Update Complete. ⎈Happy Helming!⎈
Saving 3 charts
Downloading redis from repo oci://registry-1.docker.io/bitnamicharts
Save error occurred:  could not download oci://registry-1.docker.io/bitnamicharts/redis: failed to resolve registry-1.docker.io/bitnamicharts/redis:22.0.4: GET ""https://registry-1.docker.io/v2/bitnamicharts/redis/manifests/22.0.4"": response status code 429: toomanyrequests: You have reached your unauthenticated pull rate limit. https://www.docker.com/increase-rate-limit
Error: could not download oci://registry-1.docker.io/bitnamicharts/redis: failed to resolve registry-1.docker.io/bitnamicharts/redis:22.0.4: GET ""https://registry-1.docker.io/v2/bitnamicharts/redis/manifests/22.0.4"": response status code 429: toomanyrequests: You have reached your unauthenticated pull rate limit. https://www.docker.com/increase-rate-limit"
https://github.com/p-/PyroDocker,p-/PyroDocker,cloned\p-__PyroDocker\compose\signoz\deploy\kubernetes\platform,"Error: no repository definition for https://charts.bitnami.com/bitnami, https://charts.bitnami.com/bitnami, https://charts.helm.sh/incubator. Please add the missing repos via 'helm repo add'"
https://github.com/yatvoikoresh/cloneranchercharts,yatvoikoresh/cloneranchercharts,cloned\yatvoikoresh__cloneranchercharts\charts\epinio\102.0.1+up1.6.2,Error: the lock file (Chart.lock) is out of sync with the dependencies file (Chart.yaml). Please update the dependencies
https://github.com/otus-kuber-2020-04/israodin_platform,otus-kuber-2020-04/israodin_platform,cloned\otus-kuber-2020-04__israodin_platform\kubernetes-templating\hipster-shop,Error: no repository definition for https://charts.bitnami.com/bitnami. Please add the missing repos via 'helm repo add'
https://github.com/ccojocar/spring-demo,ccojocar/spring-demo,cloned\ccojocar__spring-demo\charts\preview,"Getting updates for unmanaged Helm repositories...
...Unable to get an update from the ""https://chartmuseum.build.cd.jenkins-x.io"" chart repository:
	Get ""https://chartmuseum.build.cd.jenkins-x.io/index.yaml"": dial tcp 35.205.186.189:443: connectex: Uma tentativa de ligação falhou porque o componente ligado não respondeu
corretamente após um período de tempo, ou a ligação estabelecida falhou
porque o anfitrião ligado não respondeu.
Hang tight while we grab the latest from your chart repositories...
...Successfully got an update from the ""traefik"" chart repository
Update Complete. ⎈Happy Helming!⎈
Error: no cached repository for helm-manager-e0b822155b4ae5f667d1ffc8875a97176819d25e9b8afb113dc2a031f0a96e31 found. (try 'helm repo update'): open C:\Users\miabs\AppData\Local\Temp\helm\repository\helm-manager-e0b822155b4ae5f667d1ffc8875a97176819d25e9b8afb113dc2a031f0a96e31-index.yaml: O sistema não conseguiu localizar o ficheiro especificado."
https://github.com/introproventures/spring-demo,introproventures/spring-demo,cloned\introproventures__spring-demo\charts\preview,"Getting updates for unmanaged Helm repositories...
...Unable to get an update from the ""https://chartmuseum.build.cd.jenkins-x.io"" chart repository:
	Get ""https://chartmuseum.build.cd.jenkins-x.io/index.yaml"": dial tcp 35.205.186.189:443: connectex: Uma tentativa de ligação falhou porque o componente ligado não respondeu
corretamente após um período de tempo, ou a ligação estabelecida falhou
porque o anfitrião ligado não respondeu.
Hang tight while we grab the latest from your chart repositories...
...Successfully got an update from the ""traefik"" chart repository
Update Complete. ⎈Happy Helming!⎈
Error: no cached repository for helm-manager-e0b822155b4ae5f667d1ffc8875a97176819d25e9b8afb113dc2a031f0a96e31 found. (try 'helm repo update'): open C:\Users\miabs\AppData\Local\Temp\helm\repository\helm-manager-e0b822155b4ae5f667d1ffc8875a97176819d25e9b8afb113dc2a031f0a96e31-index.yaml: O sistema não conseguiu localizar o ficheiro especificado."
https://github.com/leandrofrs/spring_demo,leandrofrs/spring_demo,cloned\leandrofrs__spring_demo\charts\preview,"Getting updates for unmanaged Helm repositories...
...Unable to get an update from the ""http://chartmuseum.jenkins-x.io"" chart repository:
	failed to fetch http://chartmuseum.jenkins-x.io/index.yaml : 404 Not Found
Hang tight while we grab the latest from your chart repositories...
...Successfully got an update from the ""traefik"" chart repository
Update Complete. ⎈Happy Helming!⎈
Error: no cached repository for helm-manager-d8c90e93d45e753db0fa4ec457d893e08cd1e0827b77896ee636b714706cbbb2 found. (try 'helm repo update'): open C:\Users\miabs\AppData\Local\Temp\helm\repository\helm-manager-d8c90e93d45e753db0fa4ec457d893e08cd1e0827b77896ee636b714706cbbb2-index.yaml: O sistema não conseguiu localizar o ficheiro especificado."
https://github.com/susnata1981/spring-demo,susnata1981/spring-demo,cloned\susnata1981__spring-demo\charts\preview,"Getting updates for unmanaged Helm repositories...
...Unable to get an update from the ""http://chartmuseum.jenkins-x.io"" chart repository:
	failed to fetch http://chartmuseum.jenkins-x.io/index.yaml : 404 Not Found
Hang tight while we grab the latest from your chart repositories...
...Successfully got an update from the ""traefik"" chart repository
Update Complete. ⎈Happy Helming!⎈
Error: no cached repository for helm-manager-d8c90e93d45e753db0fa4ec457d893e08cd1e0827b77896ee636b714706cbbb2 found. (try 'helm repo update'): open C:\Users\miabs\AppData\Local\Temp\helm\repository\helm-manager-d8c90e93d45e753db0fa4ec457d893e08cd1e0827b77896ee636b714706cbbb2-index.yaml: O sistema não conseguiu localizar o ficheiro especificado."
https://github.com/Jaebytes/TrueCharts,Jaebytes/TrueCharts,cloned\Jaebytes__TrueCharts\premium\traefik\26.10.19,"Hang tight while we grab the latest from your chart repositories...
...Successfully got an update from the ""traefik"" chart repository
Update Complete. ⎈Happy Helming!⎈
Saving 1 charts
Downloading common from repo oci://tccr.io/truecharts
Save error occurred:  could not download oci://tccr.io/truecharts/common: failed to resolve tccr.io/truecharts/common:20.3.12: Get ""https://tccr.io/v2/truecharts/common/manifests/20.3.12"": dial tcp: lookup tccr.io: no such host
Error: could not download oci://tccr.io/truecharts/common: failed to resolve tccr.io/truecharts/common:20.3.12: Get ""https://tccr.io/v2/truecharts/common/manifests/20.3.12"": dial tcp: lookup tccr.io: no such host"
https://github.com/PnsDev/Truechart-catalog-archive,PnsDev/Truechart-catalog-archive,cloned\PnsDev__Truechart-catalog-archive\incubator\archivebox\0.7.2,"Hang tight while we grab the latest from your chart repositories...
...Successfully got an update from the ""traefik"" chart repository
Update Complete. ⎈Happy Helming!⎈
Saving 1 charts
Downloading common from repo oci://tccr.io/truecharts
Save error occurred:  could not download oci://tccr.io/truecharts/common: failed to resolve tccr.io/truecharts/common:17.2.30: Get ""https://tccr.io/v2/truecharts/common/manifests/17.2.30"": dial tcp: lookup tccr.io: no such host
Error: could not download oci://tccr.io/truecharts/common: failed to resolve tccr.io/truecharts/common:17.2.30: Get ""https://tccr.io/v2/truecharts/common/manifests/17.2.30"": dial tcp: lookup tccr.io: no such host"
https://github.com/petersandor/tc-archive,petersandor/tc-archive,cloned\petersandor__tc-archive\scale-catalog\incubator\archivebox\0.7.2,"Hang tight while we grab the latest from your chart repositories...
...Successfully got an update from the ""traefik"" chart repository
Update Complete. ⎈Happy Helming!⎈
Saving 1 charts
Downloading common from repo oci://tccr.io/truecharts
Save error occurred:  could not download oci://tccr.io/truecharts/common: failed to resolve tccr.io/truecharts/common:17.2.30: Get ""https://tccr.io/v2/truecharts/common/manifests/17.2.30"": dial tcp: lookup tccr.io: no such host
Error: could not download oci://tccr.io/truecharts/common: failed to resolve tccr.io/truecharts/common:17.2.30: Get ""https://tccr.io/v2/truecharts/common/manifests/17.2.30"": dial tcp: lookup tccr.io: no such host"
https://github.com/adstanley/archive,adstanley/archive,cloned\adstanley__archive\scale-catalog\incubator\archivebox\0.7.2,"Hang tight while we grab the latest from your chart repositories...
...Successfully got an update from the ""traefik"" chart repository
Update Complete. ⎈Happy Helming!⎈
Saving 1 charts
Downloading common from repo oci://tccr.io/truecharts
Save error occurred:  could not download oci://tccr.io/truecharts/common: failed to resolve tccr.io/truecharts/common:17.2.30: Get ""https://tccr.io/v2/truecharts/common/manifests/17.2.30"": dial tcp: lookup tccr.io: no such host
Error: could not download oci://tccr.io/truecharts/common: failed to resolve tccr.io/truecharts/common:17.2.30: Get ""https://tccr.io/v2/truecharts/common/manifests/17.2.30"": dial tcp: lookup tccr.io: no such host"
https://github.com/tdunlap607/kubeapps-fork,tdunlap607/kubeapps-fork,cloned\tdunlap607__kubeapps-fork\chart\kubeapps,"Hang tight while we grab the latest from your chart repositories...
...Successfully got an update from the ""traefik"" chart repository
Update Complete. ⎈Happy Helming!⎈
Saving 3 charts
Downloading redis from repo oci://registry-1.docker.io/bitnamicharts
Save error occurred:  could not download oci://registry-1.docker.io/bitnamicharts/redis: failed to resolve registry-1.docker.io/bitnamicharts/redis:20.6.1: GET ""https://registry-1.docker.io/v2/bitnamicharts/redis/manifests/20.6.1"": response status code 429: toomanyrequests: You have reached your unauthenticated pull rate limit. https://www.docker.com/increase-rate-limit
Error: could not download oci://registry-1.docker.io/bitnamicharts/redis: failed to resolve registry-1.docker.io/bitnamicharts/redis:20.6.1: GET ""https://registry-1.docker.io/v2/bitnamicharts/redis/manifests/20.6.1"": response status code 429: toomanyrequests: You have reached your unauthenticated pull rate limit. https://www.docker.com/increase-rate-limit"
https://github.com/adynetro/truecharts,adynetro/truecharts,cloned\adynetro__truecharts\incubator\archivebox\0.7.2,"Hang tight while we grab the latest from your chart repositories...
...Successfully got an update from the ""traefik"" chart repository
Update Complete. ⎈Happy Helming!⎈
Saving 1 charts
Downloading common from repo oci://tccr.io/truecharts
Save error occurred:  could not download oci://tccr.io/truecharts/common: failed to resolve tccr.io/truecharts/common:17.2.30: Get ""https://tccr.io/v2/truecharts/common/manifests/17.2.30"": dial tcp: lookup tccr.io: no such host
Error: could not download oci://tccr.io/truecharts/common: failed to resolve tccr.io/truecharts/common:17.2.30: Get ""https://tccr.io/v2/truecharts/common/manifests/17.2.30"": dial tcp: lookup tccr.io: no such host"
